<?xml version="1.0" encoding="UTF-8"?>
<project-private xmlns="http://www.netbeans.org/ns/project-private/1">
    <editor-bookmarks xmlns="http://www.netbeans.org/ns/editor-bookmarks/2" lastBookmarkId="0"/>
    <open-files xmlns="http://www.netbeans.org/ns/projectui-open-files/2">
        <group>
            <file>file:/C:/xampp/htdocs/studenthub_new/conversation.php</file>
            <file>file:/C:/xampp/htdocs/studenthub_new/sendapprove.php</file>
            <file>file:/C:/xampp/htdocs/studenthub_new/setting.php</file>
            <file>file:/C:/xampp/htdocs/studenthub_new/classes/Message.php</file>
            <file>file:/C:/xampp/htdocs/studenthub_new/loadposts.php</file>
            <file>file:/C:/xampp/htdocs/studenthub_new/deletepost.php</file>
            <file>file:/C:/xampp/htdocs/studenthub_new/deleteReportedPost.php</file>
            <file>file:/C:/xampp/htdocs/studenthub_new/viewReportedPost.php</file>
            <file>file:/C:/xampp/htdocs/studenthub_new/assignrole.php</file>
            <file>file:/C:/xampp/htdocs/studenthub_new/verification.php</file>
            <file>file:/C:/xampp/htdocs/studenthub_new/header.php</file>
            <file>file:/C:/xampp/htdocs/studenthub_new/Register.php</file>
            <file>file:/C:/xampp/htdocs/studenthub_new/inbox.php</file>
            <file>file:/C:/xampp/htdocs/studenthub_new/classes/User.php</file>
            <file>file:/C:/xampp/htdocs/studenthub_new/css.css</file>
            <file>file:/C:/xampp/htdocs/studenthub_new/addstatus.php</file>
            <file>file:/C:/xampp/htdocs/studenthub_new/classes/Post.php</file>
            <file>file:/C:/xampp/htdocs/studenthub_new/search.php</file>
            <file>file:/C:/xampp/htdocs/studenthub_new/viewpost.php</file>
            <file>file:/C:/xampp/htdocs/studenthub_new/sendconnect.php</file>
            <file>file:/C:/xampp/htdocs/studenthub_new/requests.php</file>
            <file>file:/C:/xampp/htdocs/studenthub_new/home.php</file>
            <file>file:/C:/xampp/htdocs/studenthub_new/classes/Event.php</file>
        </group>
    </open-files>
</project-private>
